DM1,DM1
DM2,DM2
DM3,DM3
DM4,DM4
DM5,DM5
DM6,DM6
DM7,DM7
DM8,DM8
DM9,DM9
DM10,DM10
DM11,DM11
DM12,DM12
DM13,DM13
DM14,DM14
DM15,DM15
DM16,DM16
DM17,DM17
DM18,DM18
DM19,DM19
DM20,DM20
DM21,DM21
DM22,DM22
DM23,DM23
DM24,DM24
DM25,DM25
DM26,DM26
DM27,DM27
DM28,DM28
DM29,DM29
DM30,DM30
DM31,DM31
DM32,DM32
DM33,DM33
DM34,DM34
DM35,DM35
DM36,DM36
DM37,DM37
DM38,DM38
DM39,DM39
DM40,DM40
DM41,DM41
DM42,DM42
DM43,DM43
DM44,DM44
DM45,DM45
DM46,DM46
DM47,DM47
DM48,DM48
DM49,DM49
DM50,DM50
DM51,DM51
DM52,DM52
DM53,DM53
DM54,DM54
DM55,DM55
DM56,DM56
DM57,DM57
DM58,DM58
DM59,DM59
DM60,DM60
DM61,DM61
DM62,DM62
DM63,DM63
DM64,DM64
DM65,DM65
DM66,DM66
DM67,DM67
DM68,DM68
DM69,DM69
DM70,DM70
DM71,DM71
DM72,DM72
DM73,DM73
DM74,DM74
DM75,DM75
DM76,DM76
DM77,DM77
DM78,DM78
DM79,DM79
DM80,DM80
DM81,DM81
DM82,DM82
DM83,DM83
DM84,DM84
DM85,DM85
DM86,DM86
DM87,DM87
DM88,DM88
DM89,DM89
DM90,DM90
DM91,DM91
DM92,DM92
DM93,DM93
DM94,DM94
DM95,DM95
DM96,DM96
DM97,DM97
DM98,DM98
DM99,DM99
DM100,DM100
DM101,DM101
DM102,DM102
DM103,DM103
DM104,DM104
DM105,DM105
DM106,DM106
DM107,DM107
DM108,DM108
DM109,DM109
DM110,DM110
DM111,DM111
DM112,DM112
DM113,DM113
DM114,DM114
DM115,DM115
DM116,DM116
DM117,DM117
DM118,DM118
DM119,DM119
DM120,DM120
DM121,DM121
DM122,DM122
DM123,DM123
DM124,DM124
DM125,DM125
DM126,DM126
DM127,DM127
DM128,DM128
DM129,DM129
DM130,DM130
DM131,DM131
DM132,DM132
DM133,DM133
DM134,DM134
DM135,DM135
DM136,DM136
DM137,DM137
DM138,DM138
DM139,DM139
DM140,DM140
DM141,DM141
DM142,DM142
DM143,DM143
DM144,DM144
DM145,DM145
DM146,DM146
DM147,DM147
DM148,DM148
DM149,DM149
DM150,DM150
DM151,DM151
DM152,DM152
DM153,DM153
DM154,DM154
DM155,DM155
DM156,DM156
DM157,DM157
DM158,DM158
DM159,DM159
DM160,DM160
DM161,DM161
DM162,DM162
DM163,DM163
DM164,DM164
DM165,DM165
DM166,DM166
DM167,DM167
DM168,DM168
DM169,DM169
